part_serial_no,part_name,unit,life_limit,price,quantity,content
SN787012,Focus Ring (Quartz),Wafer,"2,500","1,200,000",1,핵심 분석 대상
SN352462,O-Ring Kit (PM Set),Month,6,"45,000",1,정기 PM 때 무조건 교체
SN212224,Shower Head (Si),RF_Hour,800,"3,200,000",1,전극이자 가스 분사구
SN973193,RF Match (Source),RF_Hour,"50,000","8,500,000",1,상부 전원 매칭 박스
SN517464,RF Match (Bias),RF_Hour,"45,000","8,500,000",1,하부 전원 매칭 박스
SN980332,ESC (Electrostatic Chuck),Wafer,"50,000","4,800,000",1,웨이퍼 잡는 척
SN820376,Gas Line Filter,Month,12,"380,000",4,가스 라인별로 들어감
SN688765,Throttle Valve (APC),Step_Count,"1,000,000","2,750,000",1,압력 조절 밸브
SN312906,Endpoint Sensor (OES),Time(Year),5,"5,600,000",1,빛 감지 센서
